Date,Name,Year,Letterboxd URI,Rating
2018-03-11,The Theory of Everything,2014,https://boxd.it/7YtA,3.5
2018-03-11,Whiplash,2014,https://boxd.it/7bQA,3.5
2018-03-11,The Imitation Game,2014,https://boxd.it/6aig,5
2018-03-11,Boyhood,2014,https://boxd.it/3178,2.5
2018-03-11,Pulp Fiction,1994,https://boxd.it/29Pq,5
2018-03-11,The Shining,1980,https://boxd.it/29Nu,4.5
2018-03-11,Chinatown,1974,https://boxd.it/29vU,3.5
2018-03-11,Taxi Driver,1976,https://boxd.it/2b8y,4
2018-03-11,Django Unchained,2012,https://boxd.it/2cCk,5
2018-03-11,Midnight in Paris,2011,https://boxd.it/i4a,1.5
2018-03-11,The Maze Runner,2014,https://boxd.it/5YPM,4
2018-03-11,The Hunger Games,2012,https://boxd.it/2uds,4
2018-03-11,Silver Linings Playbook,2012,https://boxd.it/2TTo,4
2018-03-11,The Perks of Being a Wallflower,2012,https://boxd.it/2ZA8,3
2018-03-11,Birdman or (The Unexpected Virtue of Ignorance),2014,https://boxd.it/5RFA,2.5
2018-03-11,The Grand Budapest Hotel,2014,https://boxd.it/3ZqO,3.5
2018-03-11,American Beauty,1999,https://boxd.it/71Y,4
2018-03-11,Fight Club,1999,https://boxd.it/2a9q,4
2018-03-11,Maleficent,2014,https://boxd.it/3v1u,4
2018-03-11,The Silence of the Lambs,1991,https://boxd.it/2aHW,4
2018-03-11,Black Swan,2010,https://boxd.it/Sw0,4
2018-03-11,Inglourious Basterds,2009,https://boxd.it/1JzG,5
2018-03-11,Dallas Buyers Club,2013,https://boxd.it/4O8G,3.5
2018-03-11,One Flew Over the Cuckoo's Nest,1975,https://boxd.it/2aeA,3.5
2018-03-11,GoodFellas,1990,https://boxd.it/29FA,4.5
2018-03-11,The Hunger Games: Catching Fire,2013,https://boxd.it/3sAw,5
2018-03-11,The Hunger Games: Mockingjay – Part 1,2014,https://boxd.it/4hka,5
2018-03-11,The Hunger Games: Mockingjay – Part 2,2015,https://boxd.it/4hk0,5
2018-03-11,In Time,2011,https://boxd.it/FPS,2
2018-03-11,Eyes Wide Shut,1999,https://boxd.it/2axs,4.5
2018-03-11,The Secret in Their Eyes,2009,https://boxd.it/1vWw,4.5
2018-03-11,The Breakfast Club,1985,https://boxd.it/27q4,4
2018-03-11,Gangs of New York,2002,https://boxd.it/25FG,4.5
2018-03-11,The Great Gatsby,2013,https://boxd.it/JY,3.5
2018-03-11,Rebel Without a Cause,1955,https://boxd.it/2aQu,4
2018-03-11,The Social Network,2010,https://boxd.it/17ue,3
2018-03-11,"Crazy, Stupid, Love.",2011,https://boxd.it/D9A,3.5
2018-03-11,The Avengers,2012,https://boxd.it/1xFW,3
2018-03-11,Avengers: Age of Ultron,2015,https://boxd.it/3qi6,3
2018-03-11,Slumdog Millionaire,2008,https://boxd.it/1S3E,4.5
2018-03-11,No Strings Attached,2011,https://boxd.it/YUs,4
2018-03-11,Mr. & Mrs. Smith,2005,https://boxd.it/29CG,4
2018-03-11,Mean Girls,2004,https://boxd.it/1VNg,5
2018-03-11,Breakfast at Tiffany's,1961,https://boxd.it/2aYS,4
2018-03-11,Beginners,2010,https://boxd.it/s2S,3.5
2018-03-11,Burlesque,2010,https://boxd.it/Xfo,3
2018-03-11,Enemy,2013,https://boxd.it/5xtO,1
2018-03-11,The Tourist,2010,https://boxd.it/17Hs,3
2018-03-11,American Sniper,2014,https://boxd.it/5LDy,1.5
2018-03-11,"Girl, Interrupted",1999,https://boxd.it/25ds,4
2018-03-11,Kill Bill: Vol. 1,2003,https://boxd.it/70w,5
2018-03-11,Kill Bill: Vol. 2,2004,https://boxd.it/2au4,5
2018-03-11,Pride & Prejudice,2005,https://boxd.it/24u8,4
2018-03-11,Nightcrawler,2014,https://boxd.it/780m,4.5
2018-03-11,The Iron Lady,2011,https://boxd.it/2qli,3.5
2018-03-11,Pretty Woman,1990,https://boxd.it/2b6M,0.5
2018-03-11,The Wolf of Wall Street,2013,https://boxd.it/3C1m,5
2018-03-11,Forrest Gump,1994,https://boxd.it/728,0.5
2018-03-11,Love & Other Drugs,2010,https://boxd.it/UIi,4
2018-03-11,Good Will Hunting,1997,https://boxd.it/2ahY,3.5
2018-03-11,The First Time,2012,https://boxd.it/2XLS,2.5
2018-03-11,(500) Days of Summer,2009,https://boxd.it/1EmM,2
2018-03-11,Les Misérables,2012,https://boxd.it/2TT4,5
2018-03-11,Escape from Alcatraz,1979,https://boxd.it/1Vwk,4
2018-03-11,The Art of Getting By,2011,https://boxd.it/KC,4
2018-03-11,Reservoir Dogs,1992,https://boxd.it/2agc,3
2018-03-11,Interview with the Vampire,1994,https://boxd.it/29XO,3.5
2018-03-11,Se7en,1995,https://boxd.it/29zs,5
2018-03-11,Rear Window,1954,https://boxd.it/2a6Q,3.5
2018-03-11,Interstellar,2014,https://boxd.it/4VZ8,5
2018-03-11,Big Eyes,2014,https://boxd.it/36ms,4.5
2018-03-11,The Interview,2014,https://boxd.it/6KQ4,2.5
2018-03-11,Ferris Bueller's Day Off,1986,https://boxd.it/1YPY,1
2018-03-11,10 Things I Hate About You,1999,https://boxd.it/23AO,4
2018-03-11,Elizabethtown,2005,https://boxd.it/1Ydq,3
2018-03-11,Walk of Shame,2014,https://boxd.it/5Ghi,2
2018-03-11,Life As We Know It,2010,https://boxd.it/162S,4
2018-03-11,L.A. Confidential,1997,https://boxd.it/27oC,3.5
2018-03-11,The Wave,2008,https://boxd.it/20OS,4
2018-03-11,Sex and the City,2008,https://boxd.it/246q,4
2018-03-11,Sex and the City 2,2010,https://boxd.it/17w0,4
2018-03-11,Léon: The Professional,1994,https://boxd.it/2b8S,4
2018-03-11,American Psycho,2000,https://boxd.it/28Vs,4.5
2018-03-11,The Prestige,2006,https://boxd.it/293w,2.5
2018-03-11,The Devil's Advocate,1997,https://boxd.it/286k,5
2018-03-11,The Help,2011,https://boxd.it/EDm,3.5
2018-03-11,Wild Tales,2014,https://boxd.it/7UmK,5
2018-03-11,Moonrise Kingdom,2012,https://boxd.it/2Wng,3
2018-03-11,The Godfather,1972,https://boxd.it/2aNK,5
2018-03-11,The Godfather Part II,1974,https://boxd.it/2aNq,5
2018-03-11,The Godfather Part III,1990,https://boxd.it/2aN6,4
2018-03-11,Thank You for Smoking,2005,https://boxd.it/1YOc,4
2018-03-11,Changeling,2008,https://boxd.it/25aS,3.5
2018-03-11,The Names of Love,2010,https://boxd.it/CHQ,3.5
2018-03-11,In the Land of Women,2007,https://boxd.it/1QV0,2.5
2018-03-11,Some Like It Hot,1959,https://boxd.it/2aNA,4
2018-03-11,The Last Angry Man,1959,https://boxd.it/49B8,5
2018-03-11,Never Been Kissed,1999,https://boxd.it/1U3c,1
2018-03-11,She's All That,1999,https://boxd.it/1Wz0,1
2018-03-11,When in Rome,2010,https://boxd.it/1Q5S,2.5
2018-03-11,Chef,2014,https://boxd.it/6lCG,3
2018-03-11,The Usual Suspects,1995,https://boxd.it/29XE,5
2018-03-11,Cry-Baby,1990,https://boxd.it/1XRa,0.5
2018-03-11,The Switch,2010,https://boxd.it/ZVw,3
2018-03-11,"Love, Rosie",2014,https://boxd.it/62hE,4.5
2018-03-11,Romeo & Juliet,2013,https://boxd.it/3dAQ,2
2018-03-11,The Second Mother,2015,https://boxd.it/9Ydm,4
2018-03-11,Adaline,2015,https://boxd.it/cUem,4.5
2018-03-11,S.O.S.: Women to the Sea,2014,https://boxd.it/6Jba,3.5
2018-03-11,Chicago,2002,https://boxd.it/28zm,4
2018-03-11,Kill Your Darlings,2013,https://boxd.it/4VRS,2
2018-03-11,Inside Out,2015,https://boxd.it/4KHC,4
2018-03-11,Casanova,2005,https://boxd.it/1Y4e,3.5
2018-03-11,Submarine,2010,https://boxd.it/H4a,2.5
2018-03-11,Coco Before Chanel,2009,https://boxd.it/1Uv6,4
2018-03-11,A Royal Affair,2012,https://boxd.it/37Kq,4.5
2018-03-11,Scarface,1983,https://boxd.it/2b7g,5
2018-03-11,The Spectacular Now,2013,https://boxd.it/4VSG,3
2018-03-11,Flipped,2010,https://boxd.it/Tb8,4.5
2018-03-11,Hope Floats,1998,https://boxd.it/1XYU,3
2018-03-11,Love Is in the Air,2013,https://boxd.it/5czm,3.5
2018-03-11,X-Men: Days of Future Past,2014,https://boxd.it/4aRw,3.5
2018-03-11,X-Men: First Class,2011,https://boxd.it/FOA,4
2018-03-11,The Intern,2015,https://boxd.it/7AOE,4.5
2018-03-11,The DUFF,2015,https://boxd.it/8eP8,0.5
2018-03-11,Four Christmases,2008,https://boxd.it/1SjM,2
2018-03-11,Trainwreck,2015,https://boxd.it/8bdA,1
2018-03-11,The Little Death,2014,https://boxd.it/8qLM,4.5
2018-03-11,The Devil Wears Prada,2006,https://boxd.it/2awE,5
2018-03-12,Sicario,2015,https://boxd.it/8i7u,4
2018-03-12,Raging Bull,1980,https://boxd.it/28yI,3
2018-03-12,The King's Speech,2010,https://boxd.it/dX0,4.5
2018-03-12,We Are Your Friends,2015,https://boxd.it/9AlG,1.5
2018-03-12,Moneyball,2011,https://boxd.it/glS,3.5
2018-03-12,Mulholland Drive,2001,https://boxd.it/297o,4
2018-03-12,Burnt,2015,https://boxd.it/9mVg,3.5
2018-03-12,Artificial Paradises,2012,https://boxd.it/3N68,3
2018-03-12,A River Runs Through It,1992,https://boxd.it/2aFm,2.5
2018-03-12,The Best of Me,2014,https://boxd.it/73cs,2
2018-03-12,Ex Machina,2015,https://boxd.it/7T2k,5
2018-03-12,The Danish Girl,2015,https://boxd.it/9Ohy,4
2018-03-12,About Time,2013,https://boxd.it/43bI,3.5
2018-03-12,Joy,2015,https://boxd.it/8kEU,2.5
2018-03-12,Mad Max: Fury Road,2015,https://boxd.it/2DjO,2
2018-03-12,Brooklyn,2015,https://boxd.it/5bdk,3
2018-03-12,Carol,2015,https://boxd.it/7DPK,4
2018-03-12,The Big Short,2015,https://boxd.it/ajZw,3
2018-03-12,The Revenant,2015,https://boxd.it/8H5e,3.5
2018-03-12,Room,2015,https://boxd.it/7T0y,4.5
2018-03-12,Dope,2015,https://boxd.it/9Tho,3.5
2018-03-12,Spotlight,2015,https://boxd.it/a84k,4.5
2018-03-12,Primal Fear,1996,https://boxd.it/28ws,4.5
2018-03-12,Memento,2000,https://boxd.it/2bcK,4
2018-03-12,No Country for Old Men,2007,https://boxd.it/21ew,3.5
2018-03-12,Neighbors,2014,https://boxd.it/5Txe,2
2018-03-12,Before Sunrise,1995,https://boxd.it/2bcU,5
2018-03-12,Before Sunset,2004,https://boxd.it/2bcg,5
2018-03-12,Before Midnight,2013,https://boxd.it/4ive,5
2018-03-12,Anna Karenina,2012,https://boxd.it/3lyy,4
2018-03-12,How to Be Single,2016,https://boxd.it/7GJq,2.5
2018-03-12,Snatch,2000,https://boxd.it/2b7U,2.5
2018-03-12,The Man from U.N.C.L.E.,2015,https://boxd.it/67lG,4
2018-03-12,The Broken Circle Breakdown,2012,https://boxd.it/4pHm,4
2018-03-12,50/50,2011,https://boxd.it/10Tw,3
2018-03-12,American History X,1998,https://boxd.it/2bdo,4
2018-03-12,Casino,1995,https://boxd.it/2ads,4
2018-03-12,"Definitely, Maybe",2008,https://boxd.it/20eU,4.5
2018-03-12,Sidewalls,2011,https://boxd.it/2EiM,3
2018-03-12,Chelsea Peretti: One of the Greats,2014,https://boxd.it/921C,3.5
2018-03-12,Me Before You,2016,https://boxd.it/9n98,2.5
2018-03-12,Finding Dory,2016,https://boxd.it/4aAA,3.5
2018-03-12,Finding Nemo,2003,https://boxd.it/72i,5
2018-03-12,Iliza Shlesinger: Freezing Hot,2015,https://boxd.it/apgs,3
2018-03-12,Four Weddings and a Funeral,1994,https://boxd.it/29KA,5
2018-03-12,Notting Hill,1999,https://boxd.it/2aeK,5
2018-03-12,Love Actually,2003,https://boxd.it/2aeU,3
2018-03-12,When Harry Met Sally...,1989,https://boxd.it/29W2,4
2018-03-12,Amélie,2001,https://boxd.it/2aUc,2
2018-03-12,Clash of the Titans,2010,https://boxd.it/1GfI,0.5
2018-03-12,Chelsea Handler: Uganda Be Kidding Me Live,2014,https://boxd.it/9pJs,3.5
2018-03-12,Trainspotting,1996,https://boxd.it/29XY,4
2018-03-12,Melancholia,2011,https://boxd.it/bPI,4
2018-03-12,Spirited Away,2001,https://boxd.it/2b4m,4.5
2018-03-12,Dogville,2003,https://boxd.it/2a8W,5
2018-03-12,Intolerable Cruelty,2003,https://boxd.it/1T7i,0.5
2018-03-12,Thelma & Louise,1991,https://boxd.it/28Ew,4
2018-03-12,My Old Lady,2014,https://boxd.it/8I8S,4
2018-03-12,Blame It on Fidel!,2006,https://boxd.it/1IE6,4.5
2018-03-12,Donnie Darko,2001,https://boxd.it/2b2A,1.5
2018-03-12,Cartel Land,2015,https://boxd.it/ahGW,3
2018-03-12,The Propaganda Game,2015,https://boxd.it/ccVQ,2.5
2018-03-12,Suicide Squad,2016,https://boxd.it/9row,2
2018-03-12,Now You See Me 2,2016,https://boxd.it/99fw,2.5
2018-03-12,Hotel Rwanda,2004,https://boxd.it/2aSA,3.5
2018-03-12,Once,2007,https://boxd.it/22GG,1.5
2018-03-12,Love Stories,2016,https://boxd.it/aN7O,3
2018-03-12,The Royal Tenenbaums,2001,https://boxd.it/1YHU,1
2018-03-12,Closer,2004,https://boxd.it/270K,3.5
2018-03-12,We Need to Talk About Kevin,2011,https://boxd.it/2pTS,4
2018-03-12,Fargo,1996,https://boxd.it/2aHM,4
2018-03-12,Drive,2011,https://boxd.it/IG,3
2018-03-12,The Invitation,2015,https://boxd.it/9OUU,2
2018-03-12,Raiders of the Lost Ark,1981,https://boxd.it/2bbs,3.5
2018-03-12,Brokeback Mountain,2005,https://boxd.it/2b2q,2.5
2018-03-12,"Hail, Caesar!",2016,https://boxd.it/881G,2.5
2018-03-12,"The Good, the Bad and the Ugly",1966,https://boxd.it/2ape,5
2018-03-12,Oldboy,2003,https://boxd.it/29R2,2
2018-03-12,Mansfield Park,1999,https://boxd.it/1Wmq,3.5
2018-03-12,Shutter Island,2010,https://boxd.it/1U82,4.5
2018-03-12,Casablanca,1942,https://boxd.it/2aG0,5
2018-03-12,It's Kind of a Funny Story,2010,https://boxd.it/Tfa,3
2018-03-12,Reality Bites,1994,https://boxd.it/26iI,3.5
2018-03-12,Stuck in Love,2012,https://boxd.it/3L08,4
2018-03-12,The Fundamentals of Caring,2016,https://boxd.it/aiai,3.5
2018-03-12,The Girl on the Train,2016,https://boxd.it/bCJY,3.5
2018-03-12,Today's Special,2009,https://boxd.it/MHw,1.5
2018-03-12,Lawrence of Arabia,1962,https://boxd.it/2wRE,4.5
2018-03-12,Fantastic Beasts and Where to Find Them,2016,https://boxd.it/7FPC,4.5
2018-03-12,Two Weeks Notice,2002,https://boxd.it/26wK,3
2018-03-12,Leap Year,2010,https://boxd.it/1wdC,2.5
2018-03-12,Café Society,2016,https://boxd.it/bhEy,2.5
2018-03-12,Amadeus,1984,https://boxd.it/2aH8,3.5
2018-03-12,Little Miss Sunshine,2006,https://boxd.it/29EW,3
2018-03-12,Zodiac,2007,https://boxd.it/27MO,4
2018-03-12,Jackie Brown,1997,https://boxd.it/2aVO,3.5
2018-03-12,The Conversation,1974,https://boxd.it/2a38,4
2018-03-12,Once Upon a Time in America,1984,https://boxd.it/2aCs,4
2018-03-12,The Girl with the Dragon Tattoo,2009,https://boxd.it/1Mb8,4
2018-03-12,The Girl Who Played with Fire,2009,https://boxd.it/1y0K,3
2018-03-12,La La Land,2016,https://boxd.it/a5fa,5
2018-03-12,Sing Street,2016,https://boxd.it/cOo6,2.5
2018-03-12,Captain Fantastic,2016,https://boxd.it/b2K2,5
2018-03-12,Florence Foster Jenkins,2016,https://boxd.it/abbS,3.5
2018-03-12,Hidden Figures,2016,https://boxd.it/dgS4,4.5
2018-03-12,Hell or High Water,2016,https://boxd.it/bfGM,3.5
2018-03-12,Arrival,2016,https://boxd.it/aNGk,4
2018-03-12,Nocturnal Animals,2016,https://boxd.it/bkFu,4
2018-03-12,The Big Lebowski,1998,https://boxd.it/2b6C,3.5
2018-03-12,The Artist,2011,https://boxd.it/2AwK,4
2018-03-12,Fences,2016,https://boxd.it/dL6A,3.5
2018-03-12,The Lobster,2015,https://boxd.it/7tnw,4
2018-03-12,Elle,2016,https://boxd.it/bdhq,4
2018-03-12,It Boy,2013,https://boxd.it/5kkE,4
2018-03-12,Carnage,2011,https://boxd.it/2peU,4.5
2018-03-12,Hacksaw Ridge,2016,https://boxd.it/azew,3.5
2018-03-12,Moonlight,2016,https://boxd.it/d6bE,2.5
2018-03-12,One Day,2011,https://boxd.it/Asu,3.5
2018-03-12,Lion,2016,https://boxd.it/b2La,4
2018-03-12,Psycho,1960,https://boxd.it/2ab2,5
2018-03-12,Allied,2016,https://boxd.it/cP42,2.5
2018-03-12,Richard Pryor: Live in Concert,1979,https://boxd.it/1zNy,4
2018-03-12,Say Anything...,1989,https://boxd.it/27B2,2.5
2018-03-12,Wonder Woman,2017,https://boxd.it/9roG,5
2018-03-12,Tales of an Immoral Couple,2016,https://boxd.it/duNW,3
2018-03-12,Never Let Me Go,2010,https://boxd.it/Xw0,0.5
2018-03-12,Star Wars,1977,https://boxd.it/72s,4
2018-03-12,The Empire Strikes Back,1980,https://boxd.it/27Vw,4.5
2018-03-12,Return of the Jedi,1983,https://boxd.it/27Vm,4
2018-03-12,Star Wars: Episode I – The Phantom Menace,1999,https://boxd.it/27Vc,3
2018-03-12,Star Wars: Episode II – Attack of the Clones,2002,https://boxd.it/27V2,4
2018-03-12,Star Wars: Episode III – Revenge of the Sith,2005,https://boxd.it/27US,4.5
2018-03-12,Star Wars: The Force Awakens,2015,https://boxd.it/4vru,4
2018-03-12,Rogue One: A Star Wars Story,2016,https://boxd.it/aPvy,4
2018-03-12,Mona Lisa Smile,2003,https://boxd.it/1T0Q,3.5
2018-03-12,Rebecca,1940,https://boxd.it/2aQa,4
2018-03-12,Manderlay,2005,https://boxd.it/27Mu,4.5
2018-03-12,Inherent Vice,2014,https://boxd.it/5hla,2.5
2018-03-12,The Rebound,2009,https://boxd.it/1yhc,3.5
2018-03-12,Batman v Superman: Dawn of Justice,2016,https://boxd.it/6fBW,4.5
2018-03-12,Man of Steel,2013,https://boxd.it/FRk,3
2018-03-12,Baby Driver,2017,https://boxd.it/bhF2,0.5
2018-03-12,Split,2016,https://boxd.it/dgSy,3
2018-03-12,Miss Congeniality,2000,https://boxd.it/28GM,3.5
2018-03-12,V for Vendetta,2005,https://boxd.it/29Ik,4.5
2018-03-12,Atomic Blonde,2017,https://boxd.it/blDk,3
2018-03-12,Justice League,2017,https://boxd.it/4w68,3.5
2018-03-12,Thor: Ragnarok,2017,https://boxd.it/8MHi,2
2018-03-12,The Name of the Rose,1986,https://boxd.it/2aUw,4
2018-03-12,There Will Be Blood,2007,https://boxd.it/20Z2,5
2018-03-12,Wonder,2017,https://boxd.it/ekeY,5
2018-03-12,5 to 7,2014,https://boxd.it/7Ho4,5
2018-03-12,"Paris, Texas",1984,https://boxd.it/29Ts,4.5
2018-03-12,Star Wars: The Last Jedi,2017,https://boxd.it/5xme,5
2018-03-12,Lady Bird,2017,https://boxd.it/dGNE,3.5
2018-03-12,The Shape of Water,2017,https://boxd.it/dZ5m,4.5
2018-03-12,Battle of the Sexes,2017,https://boxd.it/cNxw,3.5
2018-03-12,Dunkirk,2017,https://boxd.it/d0Y6,2
2018-03-12,Home Again,2017,https://boxd.it/f9QE,2.5
2018-03-12,Jurassic Park,1993,https://boxd.it/2aA2,3
2018-03-12,Good Bye Lenin!,2003,https://boxd.it/2ayA,3
2018-03-12,The Nice Guys,2016,https://boxd.it/94Hg,2.5
2018-03-12,Playing It Cool,2014,https://boxd.it/8sBE,4
2018-03-12,Christmas Inheritance,2017,https://boxd.it/g1yE,0.5
2018-03-12,Call Me by Your Name,2017,https://boxd.it/dYmm,3.5
2018-03-12,I Give It a Year,2013,https://boxd.it/4KaS,2
2018-03-12,Black Panther,2018,https://boxd.it/8MHs,4
2018-03-12,What Happened to Monday,2017,https://boxd.it/ejUu,3
2018-03-12,"Three Billboards Outside Ebbing, Missouri",2017,https://boxd.it/ceBS,4.5
2018-03-12,"I, Tonya",2017,https://boxd.it/dzR0,4.5
2018-03-12,Mean Streets,1973,https://boxd.it/2aSU,3
2018-03-12,The Beguiled,2017,https://boxd.it/dZ1k,3.5
2018-03-12,Kingsman: The Secret Service,2014,https://boxd.it/6dxe,3.5
2018-03-12,Kingsman: The Golden Circle,2017,https://boxd.it/buJm,3
2018-03-12,Killers,2010,https://boxd.it/17qQ,2.5
2018-03-12,Gaga: Five Foot Two,2017,https://boxd.it/gWwK,3.5
2018-03-12,Love Me If You Dare,2003,https://boxd.it/20bm,1
2018-03-12,Singin' in the Rain,1952,https://boxd.it/29oY,4
2018-03-12,The Founder,2016,https://boxd.it/9XwM,3.5
2018-03-12,The Sound of Music,1965,https://boxd.it/1MLK,5
2018-03-12,Made of Honor,2008,https://boxd.it/1VsC,1.5
2018-03-12,Man Up,2015,https://boxd.it/aWkW,3.5
2018-03-12,The Dressmaker,2015,https://boxd.it/9sZy,3
2018-03-12,Vertigo,1958,https://boxd.it/2apI,3.5
2018-03-12,Deadpool,2016,https://boxd.it/9fOC,4
2018-03-12,Meet Joe Black,1998,https://boxd.it/2aEI,3.5
2018-03-12,The 40 Year Old Virgin,2005,https://boxd.it/21hK,1
2018-03-12,Drinking Buddies,2013,https://boxd.it/5jhk,1.5
2018-03-12,Catch Me If You Can,2002,https://boxd.it/29VS,3.5
2018-03-12,The Hateful Eight,2015,https://boxd.it/8gw8,4.5
2018-03-12,Piper,2016,https://boxd.it/dZaG,5
2018-03-12,Top Gun,1986,https://boxd.it/29JC,4
2018-03-12,Molly's Game,2017,https://boxd.it/dSl8,3.5
2018-03-12,Comet,2014,https://boxd.it/8r08,4.5
2018-03-20,The Lives of Others,2006,https://boxd.it/2a4A,4
2018-03-27,Jumanji: Welcome to the Jungle,2017,https://boxd.it/bUeE,2.5
2018-03-30,Sweet Home Alabama,2002,https://boxd.it/1TDo,4
2018-04-01,Bridesmaids,2011,https://boxd.it/rac,3
2018-04-12,Annihilation,2018,https://boxd.it/9yzm,3
2018-04-16,Casino Royale,2006,https://boxd.it/1alk,3.5
2018-04-25,Julie & Julia,2009,https://boxd.it/1wXg,4.5
2018-04-29,Mystic River,2003,https://boxd.it/2aAG,3.5
2018-04-30,Meet the Parents,2000,https://boxd.it/28vE,3
2018-05-05,Avengers: Infinity War,2018,https://boxd.it/9vEe,4.5
2018-05-06,Did You Hear About the Morgans?,2009,https://boxd.it/1xEY,3.5
2018-05-14,Ingrid Goes West,2017,https://boxd.it/evUQ,3
2018-05-16,Legally Blonde,2001,https://boxd.it/1ZNa,5
2018-05-21,The Kissing Booth,2018,https://boxd.it/geR0,3
2018-05-25,The Wedding Date,2005,https://boxd.it/21h6,3
2018-05-25,Dirty Dancing,1987,https://boxd.it/2baY,4
2018-05-26,Deadpool 2,2018,https://boxd.it/dlLM,5
2018-05-28,The Lord of the Rings: The Fellowship of the Ring,2001,https://boxd.it/2b5O,3
2018-05-29,The Lord of the Rings: The Two Towers,2002,https://boxd.it/2b5E,3.5
2018-05-30,The Lord of the Rings: The Return of the King,2003,https://boxd.it/2b5u,4
2018-06-01,Mamma Mia!,2008,https://boxd.it/1Tnq,5
2018-06-02,Almost Famous,2000,https://boxd.it/29CQ,4.5
2018-06-03,Red Sparrow,2018,https://boxd.it/e7Pi,3.5
2018-06-04,Avatar,2009,https://boxd.it/1Efm,0.5
2018-06-04,The Untouchables,1987,https://boxd.it/2b6i,3
2018-06-08,Ocean's Eight,2018,https://boxd.it/eaai,5
2018-06-19,Set It Up,2018,https://boxd.it/dpik,4
2018-06-25,Morning Glory,2010,https://boxd.it/16as,3
2018-06-30,Incredibles 2,2018,https://boxd.it/7IPg,3.5
2018-07-03,"Legally Blonde 2: Red, White & Blonde",2003,https://boxd.it/1Wxe,2.5
2018-07-24,Perfect Strangers,2017,https://boxd.it/fru2,4
2018-07-26,The Night My Mother Killed My Father,2016,https://boxd.it/cJG0,3
2018-08-07,Mamma Mia! Here We Go Again,2018,https://boxd.it/gnfO,5
2018-08-21,To All the Boys I've Loved Before,2018,https://boxd.it/gHec,2.5
2018-09-07,The Mirror Has Two Faces,1996,https://boxd.it/1we6,4
2018-09-10,The Rewrite,2014,https://boxd.it/934i,2.5
2018-09-15,Destination Wedding,2018,https://boxd.it/hE1Q,2.5
2018-09-19,The Laws of Thermodynamics,2018,https://boxd.it/fwmM,4.5
2018-10-07,Off Course,2015,https://boxd.it/7TdW,4
2018-10-13,Serial (Bad) Weddings,2014,https://boxd.it/7Nw4,3
2018-10-15,Catch and Release,2006,https://boxd.it/1PFK,3
2018-10-15,It's Complicated,2009,https://boxd.it/1zUY,4
2018-10-21,What We Did on Our Holiday,2014,https://boxd.it/8qLs,4
2018-10-29,Burn After Reading,2008,https://boxd.it/23BW,2
2018-11-04,A Star Is Born,2018,https://boxd.it/aXgc,4
2018-11-10,Scent of a Woman,1992,https://boxd.it/1YAu,4
2018-11-10,Focus,2015,https://boxd.it/7zl2,3.5
2018-11-16,Crazy Rich Asians,2018,https://boxd.it/gfnK,4.5
2018-11-22,Die Hard,1988,https://boxd.it/2a7u,3
2018-12-01,The Princess Switch,2018,https://boxd.it/knTs,2
2018-12-13,Sense and Sensibility,1995,https://boxd.it/244E,2.5
2018-12-21,Bad Times at the El Royale,2018,https://boxd.it/fSA2,3
2018-12-22,The Ballad of Buster Scruggs,2018,https://boxd.it/jB2q,2.5
2018-12-23,American Animals,2018,https://boxd.it/hE4K,4
2018-12-25,Sleepless in Seattle,1993,https://boxd.it/29re,3.5
2018-12-26,Full Metal Jacket,1987,https://boxd.it/2a1Q,4
2018-12-27,It Could Happen to You,1994,https://boxd.it/1VHC,4
2018-12-27,The Princess Diaries 2: Royal Engagement,2004,https://boxd.it/1UyY,4
2018-12-29,Ant-Man,2015,https://boxd.it/3vmW,4.5
2018-12-29,Ant-Man and the Wasp,2018,https://boxd.it/cqUW,4.5
2019-01-01,Barry Lyndon,1975,https://boxd.it/25A2,3.5
2019-01-02,Black Mirror: Bandersnatch,2018,https://boxd.it/kTDG,0.5
2019-01-03,Ibiza,2018,https://boxd.it/gz8A,3.5
2019-01-03,Love on the Slopes,2018,https://boxd.it/hNIY,3.5
2019-01-04,Speed,1994,https://boxd.it/28qk,3
2019-01-04,Superbad,2007,https://boxd.it/20hO,3.5
2019-01-05,The Big Sick,2017,https://boxd.it/eHvy,4.5
2019-01-08,Murder on the Orient Express,2017,https://boxd.it/dHjA,3
2019-01-08,Grease,1978,https://boxd.it/29YW,3
2019-01-09,BlacKkKlansman,2018,https://boxd.it/hxL8,4
2019-01-22,Aquaman,2018,https://boxd.it/9ru0,3
2019-01-23,How Do You Know,2010,https://boxd.it/VMK,3
2019-01-25,Miss Sloane,2016,https://boxd.it/d4QA,5
2019-01-29,The Favourite,2018,https://boxd.it/d2hI,3
2019-01-30,The Wife,2017,https://boxd.it/bkzG,4
2019-02-01,Ghosts of Girlfriends Past,2009,https://boxd.it/1RIm,2
2019-02-06,King Arthur: Legend of the Sword,2017,https://boxd.it/8lDS,0.5
2019-02-07,Velvet Buzzsaw,2019,https://boxd.it/gAy0,2
2019-02-08,Tully,2018,https://boxd.it/e4kc,3
2019-02-09,The Edge of Seventeen,2016,https://boxd.it/d5nu,4.5
2019-02-12,Fried Green Tomatoes,1991,https://boxd.it/28qY,5
2019-02-14,Groundhog Day,1993,https://boxd.it/2b3e,2.5
2019-02-15,Vice,2018,https://boxd.it/fcFY,4
2019-02-16,The Princess Bride,1987,https://boxd.it/26EY,3
2019-02-18,The Adjustment Bureau,2011,https://boxd.it/16T8,3
2019-02-20,This Is Where I Leave You,2014,https://boxd.it/73kQ,3.5
2019-02-20,Just Like Heaven,2005,https://boxd.it/1ZoO,2
2019-02-21,Moulin Rouge!,2001,https://boxd.it/29wI,4
2019-02-24,Green Book,2018,https://boxd.it/hErk,4.5
2019-02-26,Bohemian Rhapsody,2018,https://boxd.it/f1TK,3
2019-03-06,Roman Holiday,1953,https://boxd.it/29zW,4
2019-03-06,Sabrina,1954,https://boxd.it/21tc,3.5
2019-03-10,Captain Marvel,2019,https://boxd.it/9vSA,3.5
2019-03-24,Footloose,1984,https://boxd.it/288A,2.5
2019-03-28,Boogie Nights,1997,https://boxd.it/23um,5
2019-04-20,Homecoming: A Film by Beyoncé,2019,https://boxd.it/lS2Q,3.5
2019-04-29,Avengers: Endgame,2019,https://boxd.it/9vE4,4
2019-05-06,Runaway Bride,1999,https://boxd.it/23Om,2.5
2019-05-19,Wine Country,2019,https://boxd.it/izJU,3
2019-05-26,Booksmart,2019,https://boxd.it/igNS,4.5
2019-05-27,My Perfect Romance,2018,https://boxd.it/ibRA,0.5
2019-06-03,Always Be My Maybe,2019,https://boxd.it/iB2y,5
2019-06-10,Rocketman,2019,https://boxd.it/iehK,3.5
2019-06-10,In Family I Trust,2019,https://boxd.it/ix0I,2.5
2019-06-14,The Perfect Date,2019,https://boxd.it/jP9A,1.5
2019-06-20,Murder Mystery,2019,https://boxd.it/iEBm,3
2019-06-24,The Female Brain,2017,https://boxd.it/ejeS,3
2019-07-06,Despite Everything,2019,https://boxd.it/lDHO,3
2019-07-18,Long Shot,2019,https://boxd.it/grG0,4.5
2019-08-08,Empowered,2018,https://boxd.it/ifPo,2.5
2019-08-08,Gifted,2017,https://boxd.it/e5dG,4
2019-09-03,Once Upon a Time... in Hollywood,2019,https://boxd.it/gH0O,5
2019-09-22,Failure to Launch,2006,https://boxd.it/21lW,2.5
2019-10-22,I Am Not an Easy Man,2018,https://boxd.it/iHdM,2.5
2019-10-27,Blinded by the Light,2019,https://boxd.it/jrYO,4.5
2019-10-28,Nikki Glaser: Bangin',2019,https://boxd.it/nzm2,3
2019-10-31,Jenny Slate: Stage Fright,2019,https://boxd.it/nEik,2
2019-11-16,AlphaGo,2017,https://boxd.it/geTA,4
2019-11-16,Holiday in the Wild,2019,https://boxd.it/jkLS,0.5
2019-12-03,The Irishman,2019,https://boxd.it/dYOq,5
2019-12-22,Joker,2019,https://boxd.it/h4cS,4
2019-12-25,Hustlers,2019,https://boxd.it/jIBM,3.5
2020-01-03,Parasite,2019,https://boxd.it/hTha,5
2020-01-05,The Two Popes,2019,https://boxd.it/k8Xk,5
2020-01-14,The Bookshop,2017,https://boxd.it/fOua,3
2020-01-17,Little Women,2019,https://boxd.it/aSVk,5
2020-01-21,Knives Out,2019,https://boxd.it/jWEA,4
2020-02-09,1917,2019,https://boxd.it/jj4y,2
2020-02-16,Uncut Gems,2019,https://boxd.it/gXGc,3
2020-02-17,Birds of Prey (and the Fantabulous Emancipation of One Harley Quinn),2020,https://boxd.it/hSyO,5
2020-02-22,Isi & Ossi,2020,https://boxd.it/ovVO,4
2020-03-16,Jane Eyre,2011,https://boxd.it/15rs,3
2020-03-19,An Affair to Remember,1957,https://boxd.it/20is,3.5
2020-04-02,The Gentlemen,2019,https://boxd.it/iYBQ,3.5
2020-04-02,Last Christmas,2019,https://boxd.it/k38G,2
2020-04-10,Letters to Juliet,2010,https://boxd.it/19aK,5
2020-04-14,Late Night,2019,https://boxd.it/iZq0,5
2020-04-17,Broadcast News,1987,https://boxd.it/1RxS,3.5
2020-04-22,High Fidelity,2000,https://boxd.it/2aMW,3
2020-05-01,Return of the Hero,2018,https://boxd.it/gkSo,2.5
2020-05-02,The Mystery of Henri Pick,2019,https://boxd.it/kLNy,4
2020-05-17,Your Name.,2016,https://boxd.it/cUqs,3
2020-05-29,Game Night,2018,https://boxd.it/fRtu,1.5
2020-06-01,Emma.,2020,https://boxd.it/kmg0,5
2020-06-03,Under the Tuscan Sun,2003,https://boxd.it/1V2u,3.5
2020-06-04,The Bourne Identity,2002,https://boxd.it/26EO,2.5
2020-06-08,Our Happy Holiday,2018,https://boxd.it/hFrg,2.5
2020-06-08,13th,2016,https://boxd.it/elNg,5
2020-06-09,The Bourne Supremacy,2004,https://boxd.it/26EE,2.5
2020-06-13,The Bourne Ultimatum,2007,https://boxd.it/26Eu,2.5
2020-06-21,Into the Wild,2007,https://boxd.it/22m2,1.5
2020-07-04,Hamilton,2020,https://boxd.it/kmvE,5
2020-07-19,Minority Report,2002,https://boxd.it/2aWi,3
2020-07-21,Sour Grapes,2016,https://boxd.it/dRRM,3
2020-07-26,Howl's Moving Castle,2004,https://boxd.it/23De,3
2020-07-28,Normal People,2020,https://boxd.it/q2VY,5
2020-08-06,Elizabeth,1998,https://boxd.it/24cS,3.5
2020-08-17,Music and Lyrics,2007,https://boxd.it/1Usw,1
2020-09-07,The Old Guard,2020,https://boxd.it/jY2e,2
2020-09-27,The Social Dilemma,2020,https://boxd.it/opQI,3
2020-10-12,Indiana Jones and the Last Crusade,1989,https://boxd.it/2baO,3
2020-10-15,The Killing of a Sacred Deer,2017,https://boxd.it/dZ5G,1
2020-10-17,Enola Holmes,2020,https://boxd.it/hX2o,2
2020-10-26,Borat Subsequent Moviefilm,2020,https://boxd.it/rNS0,2.5
2020-10-26,Khoobsurat,2014,https://boxd.it/97Dm,0.5
2020-11-01,Holidate,2020,https://boxd.it/mLcc,4
2020-11-08,Secrets of the Saqqara Tomb,2020,https://boxd.it/siuo,4
2020-11-15,Operation Christmas Drop,2020,https://boxd.it/rIq6,0.5
2020-11-23,The Queen's Gambit,2020,https://boxd.it/s1Ym,5
2020-12-04,Ava,2020,https://boxd.it/jFH8,1
2020-12-06,The Trouble with You,2018,https://boxd.it/iOOg,2.5
2020-12-19,A California Christmas,2020,https://boxd.it/sSrK,3.5
2020-12-20,The Holiday,2006,https://boxd.it/28ye,5
2020-12-24,The Hustle,2019,https://boxd.it/g1ju,3
2021-01-11,Inside Man,2006,https://boxd.it/2auS,4.5
2021-01-24,"Crouching Tiger, Hidden Dragon",2000,https://boxd.it/2b1M,4
2021-01-31,The Dig,2021,https://boxd.it/jo2i,2
2021-02-14,Squared Love,2021,https://boxd.it/tBPM,2.5
2021-02-27,I Care a Lot,2020,https://boxd.it/mcHk,3
2021-02-27,Rose Island,2020,https://boxd.it/nBlq,3
2021-03-22,How to Lose a Guy in 10 Days,2003,https://boxd.it/1XwG,5
2021-03-22,Crazy About Her,2021,https://boxd.it/thf0,4
2021-03-23,Operation Varsity Blues: The College Admissions Scandal,2021,https://boxd.it/u5UW,2.5
2021-03-25,Made You Look: A True Story About Fake Art,2020,https://boxd.it/pVee,3
2021-04-05,Long Shot,2017,https://boxd.it/h8oI,4
2021-04-12,You've Got Mail,1998,https://boxd.it/1Yye,5
2021-04-28,Love and Monsters,2020,https://boxd.it/lJ6E,0.5
2021-05-03,Twilight,2008,https://boxd.it/1Zui,1
2021-05-09,Atonement,2007,https://boxd.it/24ui,4
2021-05-10,The Twilight Saga: New Moon,2009,https://boxd.it/1Hj2,0.5
2021-05-15,BLACKPINK: Light Up the Sky,2020,https://boxd.it/rOii,5
2021-05-18,The Twilight Saga: Eclipse,2010,https://boxd.it/1ytW,1.5
2021-05-31,Indiana Jones and the Temple of Doom,1984,https://boxd.it/2bb8,3.5
2021-06-03,Friends: The Reunion,2021,https://boxd.it/pOQq,5
2021-06-07,The Twilight Saga: Breaking Dawn – Part 2,2012,https://boxd.it/DdC,1
2021-06-20,Silver Skates,2020,https://boxd.it/lbQo,4
2021-07-06,Haseen Dillruba,2021,https://boxd.it/pZGm,3.5
2021-08-01,In the Mood for Love,2000,https://boxd.it/29tE,4
2021-08-09,The Suicide Squad,2021,https://boxd.it/fw6O,3.5
2021-08-16,The Informer,2019,https://boxd.it/gGJI,2
2021-09-22,Untold: Crime & Penalties,2021,https://boxd.it/woAq,3.5
2021-09-23,Schumacher,2021,https://boxd.it/wk2k,3.5
2021-09-24,Untold: Malice at the Palace,2021,https://boxd.it/wnUa,2.5
2021-09-25,No Reservations,2007,https://boxd.it/256w,4
2021-09-27,The Girl Who Killed Her Parents,2021,https://boxd.it/mulc,1.5
2021-09-27,The Boy Who Killed My Parents,2021,https://boxd.it/u7AY,1.5
2021-09-30,Britney vs. Spears,2021,https://boxd.it/u0TE,3.5
2021-10-07,The Guilty,2021,https://boxd.it/kOPW,2.5
2021-10-12,Squid Game,2021,https://boxd.it/x1OG,2
2021-10-20,The Last Letter from Your Lover,2021,https://boxd.it/nGzM,3.5
2021-10-24,"Love, Guaranteed",2020,https://boxd.it/nUwC,1
2021-11-09,Army of Thieves,2021,https://boxd.it/tYai,3.5
2021-12-05,The Power of the Dog,2021,https://boxd.it/m99E,4
2021-12-13,A Knight's Tale,2001,https://boxd.it/1YAk,3.5
2021-12-25,Fracture,2007,https://boxd.it/220K,3
2021-12-27,Don't Look Up,2021,https://boxd.it/o0Hc,3
2022-01-23,The French Dispatch,2021,https://boxd.it/jLP8,3
2022-02-19,The Worst Person in the World,2021,https://boxd.it/oyws,5
2022-02-23,Licorice Pizza,2021,https://boxd.it/qTKY,4
2022-04-03,Death on the Nile,2022,https://boxd.it/ifpg,3
2022-04-26,The Batman,2022,https://boxd.it/eDGs,4.5
2022-05-22,Everything Everywhere All at Once,2022,https://boxd.it/jUk4,5
2022-06-01,The Italian Job,2003,https://boxd.it/1Y86,1.5
2022-06-14,Hustle,2022,https://boxd.it/qpig,3
2022-06-16,Top Gun: Maverick,2022,https://boxd.it/cjr4,3
2022-06-19,Memories of Murder,2003,https://boxd.it/1TSo,4
2022-07-11,Cha Cha Real Smooth,2022,https://boxd.it/uF8E,3.5
2022-07-11,"Good Luck to You, Leo Grande",2022,https://boxd.it/stYk,3.5
2022-09-28,Ticket to Paradise,2022,https://boxd.it/u8Cc,4
2022-10-09,What Will People Say,2017,https://boxd.it/gPy0,3.5
2022-10-18,Bullet Train,2022,https://boxd.it/qW26,4
2022-11-17,Enola Holmes 2,2022,https://boxd.it/vfDe,4
2022-11-26,Falling for Christmas,2022,https://boxd.it/vpEG,2
2022-12-18,The Menu,2022,https://boxd.it/lScm,4.5
2022-12-29,Glass Onion,2022,https://boxd.it/oCkK,3
2022-12-31,Amsterdam,2022,https://boxd.it/oJ58,2.5
2023-01-09,Kitchen Brigade,2022,https://boxd.it/vSwm,3.5
2023-01-21,The Fabelmans,2022,https://boxd.it/ugoM,5
2023-01-22,Triangle of Sadness,2022,https://boxd.it/hXlq,3
2023-01-28,TÁR,2022,https://boxd.it/uNIA,5
2023-01-30,Lady Chatterley's Lover,2022,https://boxd.it/uF8O,3.5
2023-02-06,The Banshees of Inisherin,2022,https://boxd.it/p7XS,4.5
2023-02-22,Your Place or Mine,2023,https://boxd.it/qizY,2
2023-03-08,Babylon,2022,https://boxd.it/mM02,0.5
2023-03-15,Women Talking,2022,https://boxd.it/tdq4,3
2023-03-19,Operation Fortune: Ruse de Guerre,2023,https://boxd.it/rJXA,3
2023-03-25,Luther: The Fallen Sun,2023,https://boxd.it/r3t4,0.5
2023-04-17,Suzume,2022,https://boxd.it/yv7Y,4
2023-05-14,John Mulaney: Baby J,2023,https://boxd.it/FlAA,3
2023-05-15,Mafia Mamma,2023,https://boxd.it/uuqs,2.5
2023-05-22,The Departed,2006,https://boxd.it/28MA,4.5
2023-05-22,Bride Wars,2009,https://boxd.it/1W3I,2.5
2023-06-05,The Night of the 12th,2022,https://boxd.it/yQoG,3.5
2023-06-13,Mission: Impossible,1996,https://boxd.it/29d2,3.5
2023-06-16,Delicacy,2011,https://boxd.it/2Qmc,4
2023-06-18,French Kiss,1995,https://boxd.it/2atA,3
2023-06-19,Renfield,2023,https://boxd.it/o8vy,3
2023-07-01,Shiva Baby,2020,https://boxd.it/oIv0,5
2023-07-24,Barbie,2023,https://boxd.it/bCLK,5
2023-07-31,Clue,1985,https://boxd.it/1MDQ,3.5
2023-08-07,The Celebration,1998,https://boxd.it/2aCM,5
2023-08-14,Oppenheimer,2023,https://boxd.it/wUow,4
2023-08-19,Asteroid City,2023,https://boxd.it/s3ds,4.5
2023-08-21,No Hard Feelings,2023,https://boxd.it/xouu,3.5
2023-08-26,Wimbledon,2004,https://boxd.it/1T0m,4
2023-09-23,Theater Camp,2023,https://boxd.it/Bfbm,5
2023-09-27,A Haunting in Venice,2023,https://boxd.it/zGdg,2
2023-10-05,Sound of Freedom,2023,https://boxd.it/piEi,0.5
2023-10-09,Bottoms,2023,https://boxd.it/uGf2,4
2023-10-23,Killers of the Flower Moon,2023,https://boxd.it/gHp0,5
2023-10-30,Anatomy of a Fall,2023,https://boxd.it/yuDE,4.5
2023-11-17,The Hunger Games: The Ballad of Songbirds & Snakes,2023,https://boxd.it/pZCY,2.5
2023-11-18,Bridget Jones's Diary,2001,https://boxd.it/29WQ,3
2023-11-20,Jerry Maguire,1996,https://boxd.it/1YNS,4
2023-11-21,Gone Girl,2014,https://boxd.it/6hQu,5
2023-12-10,Monster,2023,https://boxd.it/DJEM,5
2023-12-24,The Killer,2023,https://boxd.it/u6WE,3.5
2024-01-03,The Many Saints of Newark,2021,https://boxd.it/j356,2
2024-01-05,The Burial,2023,https://boxd.it/sFPO,3
2024-01-15,Priscilla,2023,https://boxd.it/Cz3k,3
2024-01-27,Past Lives,2023,https://boxd.it/oNB8,5
2024-02-04,The Holdovers,2023,https://boxd.it/vHza,4.5
2024-02-10,American Fiction,2023,https://boxd.it/DYHm,2.5
2024-02-10,Saltburn,2023,https://boxd.it/z4eg,4
2024-02-17,Anyone But You,2023,https://boxd.it/EzA8,3
2024-02-19,Lars and the Real Girl,2007,https://boxd.it/21tG,3.5
2024-02-25,Poor Things,2023,https://boxd.it/tNWU,5
2024-03-03,Mission: Impossible – Dead Reckoning Part One,2023,https://boxd.it/l7zS,4
2024-03-03,Dune,2021,https://boxd.it/fA7G,3.5
2024-03-11,Dune: Part Two,2024,https://boxd.it/pUfA,5
2024-04-20,The Taste of Things,2023,https://boxd.it/Arke,3.5
2024-04-23,Wicked Little Letters,2023,https://boxd.it/AQXU,2
2024-04-24,Perfect Days,2023,https://boxd.it/ATh8,4
2024-04-29,Challengers,2024,https://boxd.it/zld0,5
2024-05-02,Dial M for Murder,1954,https://boxd.it/2adW,5
2024-05-05,The Idea of You,2024,https://boxd.it/vOW6,5
2024-05-14,The Iron Claw,2023,https://boxd.it/w5Pm,4.5
2024-05-25,The Fall Guy,2024,https://boxd.it/s0Bm,2
2024-05-26,Plus One,2019,https://boxd.it/inpo,3
2024-05-27,Gaga Chromatica Ball,2024,https://boxd.it/Efvs,5
2024-06-08,Hit Man,2023,https://boxd.it/ANB2,4
2024-06-24,Everybody Wants Some!!,2016,https://boxd.it/9mgM,4.5
2024-08-31,The Proposal,2009,https://boxd.it/1HiS,5
2024-09-01,My Best Friend's Wedding,1997,https://boxd.it/1ZHm,1.5
2024-09-01,Fool's Gold,2008,https://boxd.it/1ZXE,1
2024-09-01,Ocean's Twelve,2004,https://boxd.it/2aZ2,4
2024-09-01,The Princess Diaries,2001,https://boxd.it/1XCO,3.5
2024-09-01,The Guernsey Literary & Potato Peel Pie Society,2018,https://boxd.it/g68w,4
2024-09-01,Spanish Affair 2,2015,https://boxd.it/bHoQ,3.5
2024-09-01,Toc Toc,2017,https://boxd.it/fwnq,5
2024-09-01,Two Night Stand,2014,https://boxd.it/8T3E,2
2024-09-01,Spanish Affair,2014,https://boxd.it/6YjI,3.5
2024-09-01,Our Lovers,2016,https://boxd.it/dhTC,3
2024-09-01,The Lake House,2006,https://boxd.it/27yM,3
2024-09-01,The Twilight Saga: Breaking Dawn – Part 1,2011,https://boxd.it/DdM,3
2024-09-01,Untold: Caitlyn Jenner,2021,https://boxd.it/woAU,1
